cA_energy,cA_entropy,cH_energy,cH_entropy,cV_energy,cV_entropy,cD_energy,cD_entropy,filename,target
1913.2142682402823,6.4830158702626015,23.063513947600427,6.063596765180095,14.185164068502234,5.949490893068592,8.605051654437949,5.645255874772553,MSL_26_01.jpg,Others
2280.287340499243,9.84300642528056,55.32722867836837,9.49172895461583,64.4273758112711,9.502485268228629,25.581460953979597,9.11824130735373,MKP_58_07.jpg,Monkeypox
0.0,0.0,0.0,0.0,0.0,0.0,0.0,0.0,HEALTHY_26_02.jpg,Others
814.6699183197551,11.613878729364451,33.70262490585645,11.477898088424544,34.80421771596333,11.471042097938424,15.173656160275822,11.139138904011054,MKP_14_01.jpg,Monkeypox
1362.5748236601055,6.661864750990539,35.104736864294786,6.280844524811279,32.974088589496475,6.25306376441752,14.001689155041102,6.041375461552997,CHP_53_01.jpg,Others
3234.080770938794,8.217845397957252,31.014213610996705,7.621344911336208,36.4420324727348,7.472634532441936,14.062745645422996,7.188513211761933,CHP_08_01.jpg,Others
2332.488354613268,11.62557877934844,78.03296868431694,11.472970375831204,57.46623091880305,11.432202055109885,28.791350082297395,11.17272961104394,MKP_72_04.jpg,Monkeypox
431.663743786401,4.502321233603015,22.262447380578703,4.010347403411727,20.59529400196617,4.070345012331055,7.897657716549636,3.665731288775461,CHP_21_01.jpg,Others
591.5464800113601,2.294719157022207,6.67827953134214,2.060190239536445,8.803042763654481,2.078437001069705,3.400014438527836,1.9468221582993743,HEALTHY_59_02.jpg,Others
190.24495882648745,1.7437647885984089,8.232306938786355,1.4605675693789568,8.252478296243947,1.493446958199359,2.964554420516456,1.3532351197784576,CHP_52_01.jpg,Others
569.4967155016901,8.742508743835062,16.30960309217686,8.221919628670493,18.723543412012464,8.197092970535381,6.838404560372783,7.673254366328653,MKP_68_01.jpg,Monkeypox
0.0,0.0,0.0,0.0,0.0,0.0,0.0,0.0,HEALTHY_03_01.jpg,Others
2053.480013635186,11.817422058073712,43.50509750419536,11.538263034853696,47.52072145648325,11.488752584199528,20.961212997407195,11.08534351947919,HEALTHY_67_01.jpg,Others
1890.089962999728,10.132946246247055,54.09191613325092,9.62809667348198,56.95879476856487,9.572264140187905,24.337204884868903,9.368513009343683,MKP_53_01.jpg,Monkeypox
0.0,0.0,0.0,0.0,0.0,0.0,0.0,0.0,HEALTHY_28_02.jpg,Others
911.7857964707096,11.86088681824707,17.22735236724037,11.496266180714091,13.614783314539874,11.271307133343056,6.1788971011193405,11.017583428336714,MSL_40_02.jpg,Others
2052.922264643068,10.41514522491467,46.35461204974115,9.98753170316594,60.58990016262866,10.09448808371929,21.574891474695548,9.582190391722516,MKP_58_10.jpg,Monkeypox
1558.7120331957012,8.912367772099934,68.83514305922493,8.428278583691299,48.95448228136426,8.312733542611422,23.488788017067137,8.109435670054108,CHP_61_01.jpg,Others
412.50672997314905,8.600796125797508,7.864909406210344,7.888520026611165,13.82475202298205,8.192685472273286,4.013494546537602,7.629542613038548,MKP_120_01.jpg,Monkeypox
179.66123871631976,1.3943488536224586,5.555272748893504,1.1261608052680985,8.92201291021146,1.1676710919845148,2.5801477675261832,1.0589387683962157,MKP_57_01.jpg,Monkeypox
3994.4536692985057,10.622093029565624,19.73423738627905,9.675618682819191,24.40034359052204,9.347880669523278,12.203092998417766,9.200432750274013,HEALTHY_32_02.jpg,Others
1352.253066621826,6.410109145656149,37.30763751906072,6.007946340308801,35.41611397620243,6.0299367032190245,14.382931131314308,5.678925147601391,CHP_19_01.jpg,Others
103.47775488766273,2.0182786908105195,3.8703523334615535,1.8168408536819636,1.5543373757225307,1.7973625556192725,0.9470471469346792,1.6972592239082704,HEALTHY_84_01.jpg,Others
2006.444635923166,9.381905117700429,53.71818071190563,8.991100149788792,60.01342712040605,8.948663135156563,23.80387852837636,8.557904284137956,MKP_92_01.jpg,Monkeypox
1251.4376861179526,9.239763482300672,36.02627189833111,8.841807554367373,35.109771054820314,8.89424278161851,15.757066330468287,8.56463120681881,CHP_26_01.jpg,Others
1287.646152348596,10.066694817976416,24.83617087376368,9.4703868669981,34.03470877678237,9.668414867664511,11.54159662242926,9.03373734625704,HEALTHY_31_01.jpg,Others
788.7899264093926,7.302714931362056,17.778729436716578,6.672418662471369,15.993137159693427,6.754668346520019,6.472344596213073,6.343332101326631,MKP_09_02.jpg,Monkeypox
884.9356541783162,8.505065578833708,37.50511421123534,7.854966616091705,32.526405321543685,7.846028460461604,12.924578272996811,7.525896284877604,CHP_56_01.jpg,Others
1976.4157021627848,9.140076010467972,54.66556492899052,8.718572637868897,48.15938165007487,8.747837451936931,25.826451196895476,8.37156890614394,MKP_142_08.jpg,Monkeypox
1160.7396433804145,10.776781369462494,30.491525389301856,10.437379552088274,40.24294078499844,10.548101421608798,15.173963279383358,10.076146088072422,MKP_65_01.jpg,Monkeypox
3028.18964717526,11.962392797847333,37.95435446745726,11.604411778276678,43.48606345727672,11.502888822749211,17.66785979320658,11.097147596209478,MSL_45_01.jpg,Others
629.4725139386878,2.6472462573932813,8.526601651242409,2.3874090123993104,11.49864396633799,2.3600924957283134,3.9766122484039608,2.276799127777276,CHP_57_01.jpg,Others
159.57371053558478,1.2072415998025492,2.516110729123992,1.0692621631561796,5.093828775045253,1.0845376135919325,1.6675041840742408,0.9604913962616296,HEALTHY_96_01.jpg,Others
1760.7253740532387,8.422363662092442,38.77344938620828,7.976387863335574,46.30622743161496,8.035472428692556,15.167566778169054,7.650451730675495,CHP_15_01.jpg,Others
491.52972720474565,8.589490909432495,6.5047477442441,7.815647441036596,12.194204801839335,8.098490653731863,3.601875883831181,7.5738335163955535,MKP_110_01.jpg,Monkeypox
2481.7771096607403,11.90824864806442,15.512200394310655,10.945212033765143,18.9951984735957,10.990761634569989,9.575295479644602,10.57136470953352,HEALTHY_54_01.jpg,Others
1960.573008713073,7.529785252541029,27.232413564951106,7.21350154257969,25.32185830167821,7.264225779188952,12.470272003519648,6.90907392157207,MKP_20_01.jpg,Monkeypox
1612.6132551134992,7.080582684351144,49.782451026534886,6.640050399370027,41.07477980811058,6.616444324910602,17.858276280240375,6.432006094832041,CHP_37_01.jpg,Others
675.8670041393976,8.025187676865057,12.529770076845216,7.501778827682361,10.073463765712576,7.416872281178878,4.148570801522492,7.043845218300269,MKP_78_05.jpg,Monkeypox
2636.3914407278944,11.27240475435027,70.02252483408037,10.93550039499171,65.53636388840302,10.952661600100733,27.85952802046114,10.556545436042455,MKP_74_03.jpg,Monkeypox
1466.5617907357323,6.018330056749687,21.452062678748256,5.606724250154987,21.82151813903753,5.609561422183234,8.557019538736412,5.304083543827559,MSL_32_01.jpg,Others
1412.864913746918,7.729499292825458,46.35972171622085,7.322442706339987,35.97737036544807,7.242672803395618,14.520842936660827,6.90430637605439,MKP_41_01.jpg,Monkeypox
334.9221328515855,1.3453101534989902,3.823697139177048,1.1001259975658082,6.686565236386277,1.214019588613864,1.4118794974291045,1.0247112561979883,HEALTHY_08_01.jpg,Others
2317.106471536198,10.627907021699906,73.07608887837583,10.29097148399283,82.27085405753908,10.287219882090088,34.644565543969065,9.970379611266727,MKP_04_01.jpg,Monkeypox
771.879242465122,3.794108611468336,13.1084502239293,3.456789275955347,13.249720065322302,3.482863191946976,5.837758656274703,3.221702260310854,MKP_35_01.jpg,Monkeypox
2755.0898981016803,11.886299530906149,48.08735572410977,11.730563377253436,46.95548365951738,11.653663463048312,20.86229588068094,11.35215191410238,MSL_22_01.jpg,Others
2524.06173375043,11.493991904790674,85.87261619174663,11.273712818746436,61.32447289858199,11.25094934248582,28.777794060941225,10.906418594954172,MKP_74_02.jpg,Monkeypox
2222.4194001679016,7.511152390691051,46.93902687257791,7.1532957233905,21.33319999973853,6.996683498159336,15.376231513666248,6.919409857296353,HEALTHY_105_01.jpg,Others
120.38422539356208,1.2287341963248946,7.508271181692005,1.1088624477090918,4.559789450293312,1.0679077829726005,1.4856172943623611,1.0149103928044334,MKP_143_01.jpg,Monkeypox
166.9857902088139,1.2902135180353826,5.499808826514572,1.1618663417066275,6.225559727205384,1.1789832890192478,2.3673327819392544,1.1036311716356724,MKP_62_02.jpg,Monkeypox
1009.2520447807497,6.910006137090836,17.397160705925955,6.216530592748811,19.917444519955176,6.170135583212328,7.606382287537795,5.887547635671332,MKP_113_01.jpg,Monkeypox
2651.7465588550194,10.852044167093458,42.810316190478986,10.565681145147575,57.04260655914258,10.629809826927207,23.054856645617924,10.255930956890811,MKP_114_01.jpg,Monkeypox
487.9468895564456,7.237734620178254,13.530716870908542,6.492683014106513,16.863521564830418,6.67693552795096,4.746902922451944,6.014505696759689,HEALTHY_61_01.jpg,Others
76.35153369869145,1.3827756279277033,2.261050667566168,1.171922428589816,1.7140421174734342,1.2168041411928954,0.6511315900685892,1.117988785417783,MKP_15_01.jpg,Monkeypox
3017.1466715584647,10.356761659146764,41.6375971517124,10.035067903539796,47.0719322961796,9.988971638480637,18.32111754883241,9.585859534434444,MSL_34_01.jpg,Others
2396.526435686524,8.418756504763847,30.629301762396626,7.993957367313091,38.823478929568175,7.997469632955652,12.31413598706098,7.792990887587336,MKP_73_05.jpg,Monkeypox
1405.757130944416,4.225376243150531,17.692074469693853,3.638839219042832,24.54021155967417,3.7108292051642713,6.368686094715765,3.4305216609215243,HEALTHY_28_01.jpg,Others
994.9140657446284,8.938152641542503,18.681483519497007,8.257625927598498,20.525440659754757,8.290440056239412,9.153253900529222,7.8664837083222094,MKP_47_01.jpg,Monkeypox
376.1512865732111,2.026319173897847,8.440379680643217,1.8256925872756535,7.976192353330492,1.8650323714130943,3.86136822964606,1.7378156912462217,MKP_73_01.jpg,Monkeypox
22.860676735569328,0.4259984764490899,1.6215909553956944,0.3676081208462057,1.2756080372495964,0.3708984374081758,0.7272515367883893,0.3354016035467101,CHP_10_01.jpg,Others
545.9212944303135,2.9194658502523723,14.978952577621303,2.671853803064962,13.455217175010462,2.701516679912932,4.3149548070113815,2.528530092065538,MKP_10_02.jpg,Monkeypox
1518.3370215383825,11.9608082702605,17.242445655881127,11.750307788956858,16.917986496014308,11.466598180645008,8.415540326063978,11.374055996156786,CHP_02_02.jpg,Others
152.4723347573104,7.7321222782818415,2.6382369509497123,6.944286901837077,4.354015762323492,7.148649415666837,1.374168802271819,6.695303056578067,MSL_41_02.jpg,Others
1223.6607370405509,11.701955708390429,35.453252097947455,11.296631451888985,21.32016032642619,10.758479589391074,11.018704729899463,10.635417569468055,MKP_77_01.jpg,Monkeypox
2371.3433031623854,11.306716457191651,47.734771448487365,11.07460178529825,61.56438575936119,11.110823533592097,21.02896951105206,10.808795198734536,MKP_108_02.jpg,Monkeypox
1964.7085398983404,8.700681692901693,53.93700450692359,8.240928146388093,72.05634754609329,8.29369220293868,20.546862108285666,7.926204347240893,MKP_33_01.jpg,Monkeypox
3056.507188550486,11.782564407966657,36.32855811713988,11.29273734647524,64.73495630617303,11.416040810145152,18.01548400989912,10.971027376612923,MKP_135_01.jpg,Monkeypox
2288.9140783503008,4.928197419290731,22.624375642436725,4.452939034158176,22.673971796422727,4.169369003441415,11.126306416776435,4.043441875631307,MKP_67_01.jpg,Monkeypox
1228.0066220657231,4.822958686746492,20.761547486871823,4.502781102014846,29.77224650356464,4.525381517267103,9.95328851642061,4.298490038965908,MSL_05_03.jpg,Others
1649.883181623453,6.9465237910687065,36.985999232231954,6.570124485419397,48.07566047079544,6.594329429683787,18.27055354742765,6.286040107139507,MKP_101_01.jpg,Monkeypox
3495.9648601521776,10.264024743033469,35.449789536930844,9.622322299078697,23.219752508933148,9.406289263915598,13.24651964798228,9.087230572005405,MSL_01_02.jpg,Others
1678.3920811632308,5.523010424911688,7.5509254058849695,4.470756134521834,31.2701341315102,4.948467323313733,5.194139819251982,4.197472261612837,HEALTHY_13_01.jpg,Others
772.0139028469002,8.594393808079149,11.171950673334337,7.760070751551003,20.65130605737709,8.084538817428353,5.447272823247599,7.387294090132451,MKP_106_01.jpg,Monkeypox
1734.3761085358178,10.56257321990362,85.60313464863032,10.299998508212242,79.46042755785138,10.308085090313243,36.01908393223338,9.944774549339884,MKP_86_04.jpg,Monkeypox
1045.423464062797,11.714660107976492,25.096982496277093,11.522518032126824,31.65654875262573,11.567782156000622,12.44406892293053,11.162650731263296,MKP_64_03.jpg,Monkeypox
3313.084299972336,11.92169190562464,45.25440984626411,11.757015611254024,37.282984004925694,11.668400178697986,17.123432391916385,11.28956438884518,MKP_19_02.jpg,Monkeypox
257.46303573105934,2.068189924460888,8.680489555888776,1.807653737234851,9.27541569055052,1.8120519603666256,4.23655120751415,1.6803142731513303,MKP_36_01.jpg,Monkeypox
985.4841140831148,3.8820816721181166,10.046283392604732,3.307328434256238,17.25520237564741,3.5102581005947817,5.0061433640209545,3.1016314384114048,HEALTHY_85_01.jpg,Others
324.82858006854434,3.216542654879881,16.246882619502042,2.8193788715110606,13.500692074400618,2.872883319636477,4.731334593067129,2.6163813211067724,MKP_91_01.jpg,Monkeypox
3489.8882268687157,11.942892235596132,54.14106909758817,11.401288822544466,58.526353147895904,11.19109814653551,26.17668727738501,10.798636538278526,MKP_07_01.jpg,Monkeypox
1093.1923519636675,9.588921533617766,22.723233567768403,9.074584827452792,35.482295868481515,9.24269690856534,10.493061997188931,8.756754415030528,MKP_71_02.jpg,Monkeypox
2585.729244073149,8.245610934422377,16.284694186778665,6.840436492422858,29.739526486537684,6.954538917416519,8.41314046728893,6.279760020017054,HEALTHY_103_01.jpg,Others
1397.0036416019927,9.947398661580268,32.422005982035344,9.334671840131817,51.17027001616776,9.487064995790194,14.037116296752291,9.019316594940346,MKP_112_01.jpg,Monkeypox
627.9272378573555,6.216585466973694,5.719369638830145,5.773700122593573,11.615375730881972,5.876163715976674,2.969196189387467,5.547204252592493,MKP_105_01.jpg,Monkeypox
565.4087660509978,6.099406342351172,14.925932792378742,5.5198884048662205,20.04621802552138,5.701454556335805,6.210422645801117,5.252886139729529,MKP_63_01.jpg,Monkeypox
2232.287021300392,10.749161349343051,55.5160124199996,10.356102963391322,56.94649854452908,10.41718288013078,24.995326228840646,9.91408261824279,MSL_07_01.jpg,Others
1523.2847081318914,10.821000379180632,50.19299859694834,10.384432010455733,48.99227919350628,10.466045844692667,20.71093656164545,9.989080268322176,MKP_38_02.jpg,Monkeypox
1550.3012271706666,11.367335448150993,36.88165309032861,11.068874982116467,45.01083913379129,11.103620209974622,18.780869217187508,10.66950217484752,MKP_01_02.jpg,Monkeypox
1023.0784335207132,9.42051125237468,42.46583299819217,8.82451323994009,38.29399827685391,8.864143138453935,12.124918421268978,8.29011247647496,MKP_56_02.jpg,Monkeypox
15.125856584748332,0.2234555027438743,0.811773621880969,0.1953153797639526,0.3451285774277585,0.183998721286678,0.3472227388203001,0.1718456904318318,MSL_05_01.jpg,Others
2132.390647252331,11.812936173792613,56.23569346030847,11.580948947241986,50.89771556127502,11.49339714723366,25.14429676283703,11.133633163532838,MKP_32_02.jpg,Monkeypox
348.7880707765003,10.913957123554626,6.825542909726684,10.393964506509167,8.299971888712305,10.541710348996432,3.048818164237564,9.900214204340235,MKP_34_01.jpg,Monkeypox
2573.4154982700416,10.697140323563907,58.4573897628182,10.276322582730062,68.89141955604573,10.307309477603038,26.214488116979823,9.95814225048526,MKP_93_01.jpg,Monkeypox
2076.857471518776,9.987206128149518,17.81483588204203,8.886924354300577,25.9442160158518,8.981660768193315,10.464685141178355,8.283452113059372,MKP_72_05.jpg,Monkeypox
1965.3183413686847,8.545704085078134,24.89781740599632,7.938178862074597,24.38630569951865,7.907316095791004,11.400040072212535,7.518715545737647,MKP_58_13.jpg,Monkeypox
2623.9610218571806,10.985368625185114,52.49986407795468,10.665261894357048,70.8897040914023,10.676637259760463,26.02340899419397,10.28203454446512,HEALTHY_26_01.jpg,Others
2171.6034461765894,11.795817530577716,54.52200538610063,11.617280665511982,47.40364318213769,11.619980617947189,21.605832895739223,11.321770406928945,MKP_58_09.jpg,Monkeypox
1856.354838001822,10.628530601081216,20.47104374407505,9.106292775207107,31.04438049038556,9.300713367302745,10.322260341636298,8.550324742723822,MKP_69_02.jpg,Monkeypox
220.1733980213804,1.0803251811777763,1.3826682680656293,0.9856024167818296,6.675165152936988,1.0173092629198803,0.5432076821028453,0.939968950611292,HEALTHY_48_01.jpg,Others
2883.568951819824,11.920915670061216,33.168992670227425,11.162606816816734,39.986442934028574,11.02764251353157,16.365164329540296,10.53488223500841,HEALTHY_33_01.jpg,Others
251.74190830435128,2.3981754234140205,9.411726839569322,2.1557716336035453,6.15067568008297,2.11115839722181,3.570139229294811,2.0498777562617465,MKP_78_03.jpg,Monkeypox
2455.181110490545,8.411016942108365,17.126783714216767,7.390063054870522,24.247585679820617,7.500411080844378,9.678651626600924,6.80722295153172,MSL_18_01.jpg,Others
2724.255385425977,11.707446979940428,77.00869614739557,11.549341004047855,66.61486690727085,11.54894018414102,38.497168567461216,11.227452102152771,HEALTHY_90_01.jpg,Others
1806.6082529514615,6.109291342193965,16.266506424945064,5.586658052891505,15.76954020410462,5.522440509787707,6.018034785363362,5.263504299530288,MSL_33_01.jpg,Others
2518.152248587559,9.544297054228425,36.4894281208904,9.015584367223497,43.03330129466741,8.995428446408352,18.329243225987973,8.606139450017436,MKP_58_06.jpg,Monkeypox
3503.4413360218005,10.122328694090568,20.155792461632995,8.657959394702216,18.38454925818186,8.320654785301903,10.10147205646298,7.978552499400524,HEALTHY_50_01.jpg,Others
2481.013555772721,11.755941588218656,104.31081625660548,11.680975951538471,86.58029411172429,11.700993594504569,40.12777647740332,11.417172122490385,MKP_13_01.jpg,Monkeypox
2317.0534716653115,11.898844471820516,50.06638747042485,11.66990153136225,47.82314671189767,11.571398714052048,20.57407673491435,11.268134560289878,MKP_90_04.jpg,Monkeypox
924.8946993005976,10.236590483893355,22.479264052078207,9.80870337974528,23.97798838614572,9.941484808662237,10.546473029741104,9.486160393649364,MKP_50_02.jpg,Monkeypox
2758.458658579311,10.619157587857384,63.67673475395823,10.181145374415394,56.31461288702505,10.193496115499494,30.027442954505545,9.747822315807513,MKP_63_07.jpg,Monkeypox
111.34978348216458,3.9727190761721713,2.9082548820998086,3.4958738261573927,2.959501558058594,3.4495451424622408,0.9912870305846984,3.4100370833831635,MKP_87_02.jpg,Monkeypox
383.5520146630356,1.4230186219043293,2.094947148956863,1.190700355083212,10.780466456324492,1.318028775787928,2.0716196100878133,1.1226394838867202,HEALTHY_46_01.jpg,Others
2395.576991752737,10.068736074811532,20.779874535467904,8.458219527402978,24.35727094918832,8.501371923489682,9.460774912341105,7.918960117859206,HEALTHY_81_01.jpg,Others
782.9399979696393,9.67618344669815,21.153240713887705,9.281975118102205,16.68092529466479,9.245079625158008,7.506066371289929,8.885932146825683,MKP_71_04.jpg,Monkeypox
3088.9417421044304,11.546582912694412,60.815300407331854,11.231929467841784,78.97726543696432,11.262518711173009,30.39981320294215,10.886809486421836,MKP_122_01.jpg,Monkeypox
37.81543410239716,0.8634157341527552,2.302898377059824,0.7172030458761579,2.4008773316648218,0.704445718213161,1.4993838258058445,0.6210086897278929,MKP_37_01.jpg,Monkeypox
657.7085492299836,9.117516572816564,10.914839549754555,8.443664478245385,9.352849846388317,8.336291103116041,4.477428137194311,7.899998621045816,MKP_78_06.jpg,Monkeypox
1546.6543624023866,5.447361118915072,21.328055258230684,5.192054209166373,28.82011244270989,5.179516799441253,9.535769114510268,4.939863390844892,MKP_58_05.jpg,Monkeypox
1028.379750894782,10.442266049821596,26.880284224160757,10.034128423033533,23.58233510744533,10.074690120234786,9.18928523196913,9.617133085323768,MKP_43_03.jpg,Monkeypox
1278.380803218265,9.155428399837524,53.09992528311409,8.757234562171954,37.56733745573,8.77885004686769,17.243309819897775,8.468169644688967,MKP_51_02.jpg,Monkeypox
513.3495520349288,4.819029347899511,15.381566864739952,4.376428625529294,14.367105432135109,4.312728750242378,6.203204910834374,4.256944767620091,MKP_87_01.jpg,Monkeypox
4949.471905139384,11.957212309334423,74.28144366766092,11.906193404953676,81.26017493724217,11.812037307882534,37.51757006578533,11.785790474132126,HEALTHY_94_01.jpg,Others
269.45861542830784,1.086486075452147,9.4266761567629,1.0282204825778285,1.893469036751673,0.984950494225664,1.4673172227798157,0.9439577704680796,HEALTHY_42_01.jpg,Others
894.1963078183562,3.829165008336501,9.856175326010844,3.3588099082807585,18.24145633446652,3.460814115679636,5.4628370126223,3.1073747267382705,HEALTHY_32_01.jpg,Others
2281.379863106291,7.964617985068518,28.157490254763715,6.967618853901138,27.15713250460024,7.035093206738392,10.98372847639093,6.445192443815205,MKP_119_02.jpg,Monkeypox
143.00469091714365,1.95637935394885,4.946704620901231,1.6811813206883488,5.684594432687776,1.6970601979576456,2.6569740047588244,1.5293687964831244,MKP_28_03.jpg,Monkeypox
696.6298314332945,11.553874689711972,28.695599039796665,11.36530688668449,23.550297674395203,11.376816720822909,9.23204416609239,11.03970507372558,MKP_50_03.jpg,Monkeypox
385.4079414334508,7.503855744816021,13.174701049870244,6.799708587957764,13.053491702775435,6.8433658584654085,4.91050089668024,6.4056496859617695,MKP_49_02.jpg,Monkeypox
2788.9307365219397,11.732602007123742,65.2278872919244,11.469518154603364,64.39986763702427,11.324254644815896,30.786364606468787,11.001290232830204,MKP_66_01.jpg,Monkeypox
1624.0476278206754,7.475864349019503,49.35502560371916,6.917360756656938,44.64560014219436,6.947623826506115,19.44316173136913,6.611353235790767,CHP_05_01.jpg,Others
1458.7883943819097,6.413289404026488,46.07891574296711,6.163474283953581,40.99791627673258,6.162840443800739,21.99493632268428,5.924514685633341,MKP_128_01.jpg,Monkeypox
670.3198531817947,2.610701396928009,4.59517048866044,2.0995555917665065,20.779445875044296,2.346346896795847,3.322521975416457,2.037335545757842,HEALTHY_98_01.jpg,Others
2226.3905538289846,10.7056974367139,42.38104166553296,10.25668448240633,44.99619215168536,10.160367342118686,22.054476216356328,9.843049194030357,CHP_62_01.jpg,Others
302.85347206467986,1.2476466971162563,1.8624518546839683,1.1261134038965483,9.568863180976166,1.1865697611117614,0.870153541134564,1.0996373380626263,MSL_44_01.jpg,Others
3127.465945694867,10.834927496088811,48.92952550795341,9.989768075873648,53.447480287855306,9.76462960529434,21.4871145003834,9.350826897432391,MKP_31_01.jpg,Monkeypox
211.21728249342567,4.129597710675128,8.575245045250444,3.552249494388266,8.331884706748482,3.59999983658987,3.5889830272862757,3.260750320192884,CHP_14_02.jpg,Others
667.5435939447817,9.652098455677546,33.94076986513254,9.077787643675348,31.75998853073346,9.137884863371903,14.227207431693852,8.622181649706395,CHP_33_01.jpg,Others
2705.0182636280474,9.763315061633028,20.88919200245345,8.873139518683967,12.43375415222676,8.28760070294197,7.21439724322976,8.47310525903786,HEALTHY_62_01.jpg,Others
3187.0607841724946,10.439011568652376,38.5752788394686,8.88320838747897,36.68139479949905,8.590706476600747,17.01895302793534,8.119357199579204,HEALTHY_21_01.jpg,Others
1742.220412250363,5.469192240964207,19.57816883376794,4.863120748097679,18.325415961798853,4.797433701810908,6.8960253882449845,4.440140028494042,HEALTHY_71_01.jpg,Others
159.00970728290255,0.6724638904937491,4.03007824471611,0.6185014365590424,1.837402668894657,0.5956768512750328,0.9815200673726262,0.5714450714302188,HEALTHY_101_01.jpg,Others
3157.1229721597792,9.568281258949469,47.69047329620774,9.244814527593734,53.08729739636691,9.06589842536244,23.942802868692013,8.898022422133451,MKP_99_01.jpg,Monkeypox
3967.886246780669,11.905124606993482,64.4442863675343,11.655700237757875,59.99635856948525,11.567415197858567,29.8024731019626,11.165361259207357,MSL_28_02.jpg,Others
1481.799131228781,11.949697485347336,18.742702543082856,11.597006786110956,20.173295814120152,11.30997216816986,10.430799954127377,11.122061442587706,MSL_46_01.jpg,Others
2300.065893990881,10.550720956693604,38.767416131093015,9.786522571040251,75.70325534010155,10.127035065416004,21.44777942649632,9.355936569744408,HEALTHY_35_01.jpg,Others
0.0,0.0,0.0,0.0,0.0,0.0,0.0,0.0,HEALTHY_40_01.jpg,Others
4138.86559701659,11.91019462440735,89.94779179815447,11.673292816293348,84.1244345166426,11.501143379983624,41.06594245683865,11.349735120132111,MKP_86_02.jpg,Monkeypox
2121.2793964105813,7.818139701105709,30.24974205345018,7.207033563314362,22.14774876502465,6.98837409793082,12.259858302156829,6.798951314874664,CHP_24_01.jpg,Others
1690.5471341464104,11.236777174270514,67.97204065792708,10.985067189270776,53.97847243163042,10.95368713632296,23.39224758061112,10.607133381338617,MKP_02_01.jpg,Monkeypox
1136.8900815600036,11.724978022463684,35.04074351710817,11.589640814435452,26.49719910999874,11.496453223486002,12.290081459414193,11.213521970922514,MKP_64_01.jpg,Monkeypox
754.9132294331037,3.647390134067389,18.509009619078668,3.3582286768642806,14.252941054918574,3.3101574658513124,6.767538863768398,3.1713993750374976,MKP_23_01.jpg,Monkeypox
789.3546686139358,8.991428886235846,36.96607779740055,8.343893892130286,24.11455057628021,8.395729641414425,10.157515838611769,7.810792317234028,MKP_83_04.jpg,Monkeypox
1342.888556366653,9.102625343514628,35.1296889210836,8.666999237920466,34.78190146813057,8.691689796694492,15.596313809511884,8.285779556430533,CHP_06_01.jpg,Others
1264.6530510379307,6.376413362312138,28.09867421642619,5.919522813455543,26.705282897801503,5.940107157445136,12.682384843486544,5.606124209892057,MKP_142_04.jpg,Monkeypox
128.3836088290484,7.936539555487711,2.574235309162169,7.278816365154016,3.246602621273819,7.330630319969558,0.9928082044901194,6.868997087245637,MKP_46_01.jpg,Monkeypox
3322.502510673577,10.945520411725871,54.761807783829695,10.374708923316584,52.87567811578157,10.39319866339018,25.754058322725346,9.932704014810565,HEALTHY_02_01.jpg,Others
3247.568133466536,10.74004559257748,74.11556846595111,10.493597920833544,61.04108124962785,10.36628585007404,27.969117850219465,10.157654438266285,MKP_97_01.jpg,Monkeypox
2552.960120272748,11.087793035107527,52.93862921302731,10.484386582971233,43.24720086935381,10.348420982787964,18.940858277143874,9.902994023006327,MKP_80_01.jpg,Monkeypox
1470.57654408095,4.990162495495923,4.295948326412919,3.3736797186740097,22.901231425441296,4.317398239330219,2.863856425624145,3.241487556825561,HEALTHY_104_01.jpg,Others
827.3333609704134,9.937855578624976,24.111710427688745,9.526456429118884,20.514578965647218,9.561424442063087,7.181380088588545,9.176645022267682,MKP_52_01.jpg,Monkeypox
3441.786044638201,9.035074985760549,21.73928102983149,7.292734188943118,23.11223753118774,7.290508626635629,8.735040981435027,6.674280778719954,HEALTHY_37_01.jpg,Others
2256.7181151139275,10.240203164749314,49.5225218376756,9.861483157993757,44.78172377130436,9.800437535321928,14.807337679526572,9.552760611979648,MKP_01_01.jpg,Monkeypox
2145.557921954834,10.577171379490544,83.31345088521833,10.305654653693152,79.1318584844923,10.259251696420655,35.446305929519426,9.96027391030337,CHP_22_01.jpg,Others
805.2487373319595,8.58297263148411,20.93154438985264,8.044151495219515,25.233480190710463,8.13166102813847,9.685068265139988,7.746318212408379,MKP_64_04.jpg,Monkeypox
0.0,0.0,0.0,0.0,0.0,0.0,0.0,0.0,MSL_21_01.jpg,Others
951.4281910203944,4.310429934399202,22.6995868021551,3.923380428275624,17.60321691696448,3.800894180771768,8.356333012437604,3.642591089790664,MKP_58_04.jpg,Monkeypox
3747.10517897502,11.962303801759296,53.74673186442612,11.907787145278302,56.75593465819775,11.839340412914606,26.303439799723,11.699654358333738,HEALTHY_32_04.jpg,Others
3673.166172491555,11.60929123073782,57.99168009027069,11.355962802901423,76.2810100065864,11.400324235733796,29.10884140112896,11.044609956126909,MKP_58_01.jpg,Monkeypox
905.1154594611028,8.27086277484733,19.314670579807967,7.4070041418277,23.384180504757445,7.703338102100766,7.696024772666708,6.976636532405037,HEALTHY_66_01.jpg,Others
2801.915309962554,7.687273428007397,10.065356892571977,5.987111505758974,20.943796459652024,6.13605986036277,6.8422132134867,5.477294621538172,HEALTHY_60_01.jpg,Others
359.40763815880905,2.345539069962683,11.420143542704384,2.064244363920169,11.052622060245486,2.072852614467286,4.182057533314612,1.8946219678876897,MKP_35_02.jpg,Monkeypox
149.86728888567072,0.6687175579820434,2.687541395363553,0.6065340155130604,2.232920823398924,0.6274793798692828,1.0225965075933106,0.5859178693929417,HEALTHY_45_01.jpg,Others
119.75735912408004,6.442495262662461,3.0462589490971554,5.68734483216504,3.5764409337804315,5.852868754760231,1.2664775432970783,5.40918805110153,MKP_46_02.jpg,Monkeypox
1844.3531597334256,10.547595260577936,45.47630942744069,10.04115391077064,61.410516236844,10.202636975146842,21.442548204620536,9.57768530587469,MKP_58_11.jpg,Monkeypox
2862.866354811969,11.71929884242685,71.53535232952963,11.614304636818332,68.65946080038606,11.587959331465816,32.18782585858013,11.353005656111268,MKP_76_01.jpg,Monkeypox
2725.425118088071,11.951248085813216,55.82824560634111,11.912882546988088,54.98507434504823,11.847719675538398,28.35385400924322,11.71780528485708,CHP_02_01.jpg,Others
1673.8883554014897,10.564771056064757,63.94332245149795,10.109033324237226,63.203923135060734,10.15724839912496,27.11303540187733,9.699547276768582,MKP_42_01.jpg,Monkeypox
1830.0687444412515,6.357148306912393,25.56540762514514,5.995274060086641,33.975136313546834,5.904712103876164,12.640999762513536,5.768911629276954,HEALTHY_74_01.jpg,Others
2023.9544271126256,6.951469079055858,16.58428592593403,5.637868984359076,16.924655181430072,5.7817392045777005,4.120875829400693,5.124458572199171,HEALTHY_23_01.jpg,Others
462.020941508866,11.31467069910503,8.821227369151714,10.832885427590456,11.750155918814306,10.865031833714854,4.580321541318417,10.323077055903392,MKP_34_03.jpg,Monkeypox
1212.878828840761,6.606579059646581,19.239783099004235,6.056717231253159,22.01165792588036,6.072889729953856,7.160556141213689,5.604472765588319,MKP_63_03.jpg,Monkeypox
1434.7931694553097,10.82087387743372,26.11080658922354,10.353053258962753,38.77777282587299,10.499900967993051,13.444496682657906,9.991305577012046,MKP_64_06.jpg,Monkeypox
1270.5969664820093,11.895931306666446,29.662925162035457,11.790441070392712,29.18199141934603,11.691912512103032,14.448386619347716,11.504215249907356,MKP_86_03.jpg,Monkeypox
490.14362925307466,6.386630968817409,22.22417823811339,5.68940008942526,15.884922019834567,5.7788252396852124,6.542128386606578,5.25845739199405,CHP_29_01.jpg,Others
2435.645390596829,11.822555632937249,38.04651057682708,10.832490180419745,42.25251742625407,10.931695112980398,16.95967310944345,10.274050377949816,HEALTHY_77_01.jpg,Others
620.7640906695098,2.9322497723992966,8.678337863269244,2.570347814407155,17.018484075101927,2.685929251373278,4.794582945609575,2.4177804749553102,HEALTHY_20_01.jpg,Others
1273.102758410076,5.090408340640046,26.03817508002312,4.437449646855538,23.678003034959065,4.588557749147142,9.557162942574587,4.251845308272291,CHP_47_01.jpg,Others
1835.2102533267464,6.708533549610552,31.49182304872454,6.240983442436671,19.742959016320995,5.979614097091989,10.179992590868014,5.652773590134572,HEALTHY_69_02.jpg,Others
2508.556872817081,11.894051325321312,32.16413278131327,11.298705568686737,36.59573053185338,11.227185549359437,16.09918754703092,10.819900517917343,HEALTHY_29_01.jpg,Others
1051.5265988746896,9.695343537332509,20.66156201043764,9.268428288282518,19.363622023025112,9.148289541179212,5.716874500086238,8.777022881443722,MKP_39_01.jpg,Monkeypox
3545.4332891716954,10.873510727809716,58.02098699793878,10.359773300629524,70.57205323978869,10.278128576492852,24.701320195585826,9.85270187434813,CHP_28_01.jpg,Others
765.3362232787144,9.43711988901207,13.508300008498429,8.913197932958198,12.599653289004696,8.846212142325419,4.928794775582778,8.451097349724556,MKP_78_04.jpg,Monkeypox
286.6665150247693,2.582404903153317,15.05367304361346,2.240247067427417,12.619825228841602,2.36218460661892,5.755089301307115,2.100719254510305,MSL_10_01.jpg,Others
111.47127667416603,2.136896697850474,8.024985811011229,2.0265400355075265,0.5547612416985007,1.7609134590809152,0.3274642304345253,1.7213108262519865,MKP_62_03.jpg,Monkeypox
3518.950029672415,11.345479852954089,61.90041684088937,11.009589038085608,63.54937119089937,10.94625740991554,25.54172279647444,10.620310495465985,MKP_21_02.jpg,Monkeypox
701.4000672145946,5.8116092008163145,10.650965521520188,5.378569041092277,10.707440707546793,5.316745166198721,4.418786782328952,4.932287638695093,HEALTHY_55_01.jpg,Others
385.3677785239728,5.243438752726502,12.070119827764136,4.857641887687585,14.296329532464938,4.886960368791059,5.170483319349675,4.631322261762516,CHP_04_04.jpg,Others
2661.662886175737,7.07548205126642,28.58485760168221,5.945685052007007,21.65985461922177,5.568386516866676,12.650106139723723,5.752237194904081,CHP_59_01.jpg,Others
46.46377278720547,0.6539452552127278,2.259097900348097,0.5718671811643544,1.7725939723021151,0.5657623953527288,0.9373109118675128,0.5099831783071781,HEALTHY_39_01.jpg,Others
1300.1750156770488,10.225442697461547,45.62026664521843,9.75372112364004,46.66034375086595,9.78696295531716,19.633379406706773,9.461483586158748,CHP_16_02.jpg,Others
3285.6085680129954,10.068197512231675,55.72840710758429,9.645452333012402,48.49902328118306,9.53294771939472,24.42617757631708,9.273843246622512,HEALTHY_41_01.jpg,Others
1048.0412060100552,5.020892881070419,27.735429980013382,4.611539584144293,22.353228339196928,4.582956952139614,10.504021333664902,4.337921405559036,CHP_40_01.jpg,Others
476.14582962473474,4.209735614353817,14.402874242823149,3.7171934749183486,18.70463862823599,3.7033985999235695,5.628823975431221,3.3231640474955886,CHP_11_01.jpg,Others
151.5677765719989,0.6414188266814205,1.1805450492241063,0.5965964217858122,2.9081635619893507,0.6044324261321643,1.1897936951179937,0.5665051539694546,HEALTHY_09_01.jpg,Others
1172.1815116385465,10.67584942955393,51.93774461282389,10.172446027273793,44.387146753470255,10.230218953629706,20.08321601346717,9.636756131828388,CHP_48_01.jpg,Others
304.8309260077882,11.852002556814911,4.47115324627305,11.47750223985087,4.591466260434834,11.447326652450672,2.092283931786468,10.977749433768471,MKP_34_02.jpg,Monkeypox
161.5771254635457,5.016263703155674,4.247967820077317,4.52857690208288,3.882253492771204,4.585545595899054,1.7562201520580936,4.192457168613294,MKP_72_02.jpg,Monkeypox
586.477367280436,5.913780752821132,8.22973819308989,5.584440875014116,10.63897896316448,5.55413853785606,3.159844505426375,5.2741290916967225,HEALTHY_57_01.jpg,Others
2998.424078433454,11.885582097797904,66.06095124580382,11.819946461816784,66.27460376945534,11.821818865920772,29.583513160201512,11.588088783331589,CHP_50_01.jpg,Others
1148.0815072724274,10.39724991930944,25.68836019559278,9.898043527221828,41.18161703163261,10.006215529155268,12.015882536895967,9.483491731382015,CHP_51_02.jpg,Others
981.3525862168468,7.496983835110542,36.96538765233681,6.939375640628154,40.972177781102815,7.087552325457673,15.4985057175694,6.581299332071522,CHP_46_01.jpg,Others
1839.3108844380288,10.715899939685569,46.60439338246837,10.24648606403999,74.67078400601362,10.46582874053428,25.490686938951875,9.883005964700647,MKP_56_01.jpg,Monkeypox
4318.996402272865,11.698780004935168,35.92501164071297,10.229824550038895,65.38044513497087,10.29215096186535,18.71687711489166,9.62977171411641,HEALTHY_10_01.jpg,Others
1679.5818658024027,10.82085795830485,47.1427150328997,10.511327231882849,41.89478090310285,10.5044706513796,18.114803914150755,10.126773023163656,MKP_75_01.jpg,Monkeypox
746.9764126255889,2.896032095800672,11.940227012003696,2.55094131729948,11.362503146724956,2.574026196413548,4.485536264863516,2.4058860889885207,MSL_16_01.jpg,Others
342.23265485189967,2.1138162818155832,7.684389428006,1.9032532192180007,7.889618091150636,1.9241762959203368,2.7560940126682056,1.7772478925293564,CHP_20_01.jpg,Others
439.6781281420046,4.099844773187956,13.702718053151711,3.8151428079718968,13.41019037167905,3.8560214672409807,6.344532921985392,3.671297066254307,MKP_49_03.jpg,Monkeypox
788.2956094100412,6.932510444733559,17.39929952493799,6.588381240401986,17.70948434167863,6.669119240247366,7.786370193565746,6.3493822386511525,CHP_42_01.jpg,Others
1979.7581926438731,11.331571186692427,43.05038695282862,11.078731685218225,35.104882766853066,10.995993338391202,14.82403806964522,10.65550386506655,MKP_26_02.jpg,Monkeypox
952.1506614391674,9.175910300026636,24.079182162704697,8.65452150678377,31.27427265462842,8.71694625261656,11.02876521574491,8.325198494804683,MKP_64_08.jpg,Monkeypox
2670.7390980590835,11.305861229220152,80.03181019319749,11.026550847536006,70.23422148224199,11.062193036372744,30.149138644878057,10.684009116869891,MKP_83_02.jpg,Monkeypox
1787.890811893323,9.752940722785011,62.31271853761355,9.424107267468283,34.571657709380865,9.322149424752306,18.74221806211012,9.021652790760792,MKP_75_04.jpg,Monkeypox
1161.513487266268,11.567691144692333,28.642406464019466,11.15181113920477,30.70028446037748,11.030485807801922,11.696114888896195,10.653094286359924,MKP_32_03.jpg,Monkeypox
1028.4470467031697,8.836734824976876,23.34450692691054,8.169114434229455,25.220974973091398,8.280385741880561,9.278203985283778,7.799522561348183,MKP_40_03.jpg,Monkeypox
55.574983168708094,0.4123274793233995,1.3764799361489048,0.3565021697172855,1.8485976889362945,0.3644158196329666,0.4619055261016917,0.31818153251822,HEALTHY_24_01.jpg,Others
252.4048141632381,2.55523925684792,3.14716533967678,2.3921760055322694,3.1678359956307967,2.3722999818819184,1.144615693935602,2.2451946374922707,MKP_78_01.jpg,Monkeypox
2715.137890808912,7.629435503288899,29.453115817713773,7.130470108667389,32.747708255549526,7.034127220455816,14.450041666529607,6.938330365044148,HEALTHY_68_01.jpg,Others
0.0,0.0,0.0,0.0,0.0,0.0,0.0,0.0,MSL_36_01.jpg,Others
1771.189805814622,11.845514437892446,41.17208664800247,11.616990180664294,39.40041529454719,11.48364168627826,19.822178241495735,11.158968748054225,MKP_32_01.jpg,Monkeypox
3720.7961041560766,11.899488936264884,48.47441017335754,11.41726092016058,43.2102534549926,11.229593144710291,22.37373190104026,10.763023844913228,MSL_30_01.jpg,Others
1553.7314034318738,11.25197248646542,46.02871735518825,10.844988575338927,47.75687918931881,10.805382859772708,20.1753268999215,10.284341414673108,CHP_04_02.jpg,Others
712.0818120699315,3.033314080004558,10.750837622139567,2.838709557004393,18.15260877665537,2.88071431653445,7.256224451099658,2.7409397655024774,HEALTHY_52_01.jpg,Others
779.9171515441307,9.437906864199476,11.061770865154868,8.871966886141934,11.734551817550257,8.934352421800048,4.721737812278279,8.392600861623729,MKP_39_02.jpg,Monkeypox
1362.744569356928,4.865376899271896,21.739668369400505,4.3253943954627205,10.35742683849316,4.157334043462107,7.219255848346291,3.953279372052188,HEALTHY_44_01.jpg,Others
2038.4208389802911,9.2578763040511,19.63670477091346,7.600902362656045,37.51002656172377,8.242779416494884,8.411885392342295,7.292102565442402,HEALTHY_07_01.jpg,Others
502.9098569336638,8.547486568464471,17.443647593109425,8.081978455530495,15.192117114104734,8.097651711151087,6.487307308014765,7.71205320938916,MKP_22_01.jpg,Monkeypox
0.0,0.0,0.0,0.0,0.0,0.0,0.0,0.0,HEALTHY_59_01.jpg,Others
1110.5901393907604,9.862098212678976,37.59993930518302,9.398287481182402,28.26129298877348,9.213430743632834,11.400743038894351,8.69248537770031,MKP_136_01.jpg,Monkeypox
2928.0643309601955,9.240995604851667,34.064114941118504,8.609767892496889,45.355444897290745,8.65136754029789,17.51802588195833,8.22952737016615,MSL_02_01.jpg,Others
79.39965591873408,1.4869450108702644,2.3330155338848533,1.291416724658122,2.1723355989542874,1.2878020740747669,0.802759343699539,1.2092960096494807,MKP_16_01.jpg,Monkeypox
2843.4476186166567,10.35898968506181,44.304237490726926,9.855336074464372,46.6472124686102,9.71816751106467,20.146340829402504,9.402044721736742,MKP_90_03.jpg,Monkeypox
1363.0209427647662,11.722843710755903,33.11746721347821,11.606537012612268,20.020309602958868,11.40300674791856,10.584439551166632,11.141293015486584,MKP_115_01.jpg,Monkeypox
1715.4737989279113,5.722144228087484,28.110816220793517,5.292075679004896,35.470252438614814,5.194301806703487,14.259456313900772,5.137307631359037,MKP_88_02.jpg,Monkeypox
2118.1063835301966,11.586687135314005,60.689564778702746,11.3965624522469,41.84095433810574,11.368890287272489,19.377043560612925,11.021312392469651,MKP_63_06.jpg,Monkeypox
3621.175418925293,11.140585630542114,25.343804124310083,9.67294069534118,56.38697082869486,10.040700985623888,16.045080762800964,9.096622301258304,HEALTHY_76_01.jpg,Others
1009.3738112303204,7.70886101463411,23.24609305042615,7.177953431532491,14.635586114765555,7.08234317394562,7.485425973746561,6.729222867230052,MKP_48_01.jpg,Monkeypox
3027.1613925918737,9.63607181247121,61.85024564251374,9.186123118346464,49.46166929593366,9.120260853481463,22.232488630728568,8.764294195366979,MKP_09_01.jpg,Monkeypox
64.71438908255061,1.084066101934941,1.995422766501231,0.9168627076141528,2.1938672499337573,0.9227240108997166,0.6574049204744716,0.8416419211645055,MKP_01_03.jpg,Monkeypox
2568.849060055258,11.530095413972862,68.73963190684701,11.28865796114172,72.11731010240625,11.300732810034,28.35201185221139,10.899213604220355,MKP_06_01.jpg,Monkeypox
1908.5667831802973,11.903224837667649,31.593328695591783,11.39646200298993,32.345235817504125,11.27015655531917,15.947690378329186,10.93857253878194,MKP_54_01.jpg,Monkeypox
1547.94626873702,10.918808614885853,32.536216532189904,10.55411151277715,43.371546653282095,10.548113282232672,17.897519491136606,10.074858308214012,MKP_58_12.jpg,Monkeypox
1685.6907945487958,5.377567976916181,21.143432049082165,5.074755731340906,22.906045762819808,4.976725398734863,8.98886407805502,4.884291456073043,HEALTHY_72_01.jpg,Others
1313.0829570404194,4.325838281406174,15.246019425165247,4.070146602347866,14.797346206110111,4.001777775689261,5.483831758525644,3.8088349499398872,MSL_09_01.jpg,Others
3819.707804556637,11.87081890564071,63.44535071925526,11.673591318259476,69.76904585932863,11.437462353873164,29.26604513047294,11.426428484797825,MKP_76_02.jpg,Monkeypox
1415.97401339383,9.63312923352808,40.40622275875249,9.19680969818331,46.97948985368783,9.303037927513506,19.85566941123338,8.831342987400715,MKP_43_02.jpg,Monkeypox
679.5338186315196,5.628157070773987,23.88419198383284,5.056566778419056,15.38917620489812,5.103341702414843,7.189446463550329,4.717355654836029,MKP_142_06.jpg,Monkeypox
1476.1703718295337,10.376090525804964,34.80972179597445,9.989593747081296,32.31585716167179,9.987020507158851,13.80471254624172,9.602838734997915,MKP_75_03.jpg,Monkeypox
763.1714452309434,7.830534252619242,12.013975011970365,7.406413706567449,16.254065183489622,7.4008878213375855,5.333119458127221,7.064086341180684,HEALTHY_47_01.jpg,Others
1640.5796419780422,5.023026163096674,5.304550736554826,3.574427416459937,25.975403991595662,4.146568476977266,3.737651012151904,3.322497925453404,HEALTHY_01_01.jpg,Others
2653.039034531033,11.46490775968115,55.48351257894631,10.966256789080436,34.891457765710925,10.550268068049686,18.95163729817044,10.197597358140928,HEALTHY_36_01.jpg,Others
1127.965635521275,11.949817169184168,15.59952570233822,11.463940489005012,14.28459345880035,11.301299789510248,6.499201140785739,10.997181853936704,MKP_72_06.jpg,Monkeypox
2173.489113053324,10.210402430660135,51.28743114899928,9.878447619634048,53.11059384273447,9.926056520002923,19.99573690106279,9.554780652334102,MKP_131_01.jpg,Monkeypox
2346.903218073292,6.993517209297378,25.18194383194033,5.942155824987695,36.64729269033142,6.225683578206407,9.898039596297888,5.609187486534566,HEALTHY_80_01.jpg,Others
3798.859224676974,11.932727325434168,43.37980512352243,11.362312482764828,46.5226365280962,11.220432895279924,19.53584190523361,10.904534588252616,MSL_42_01.jpg,Others
3271.5719048583305,11.896385660795495,98.52015778807208,11.876849480810014,92.25176537961823,11.820132863873337,42.92800674106184,11.68161013946476,MKP_70_01.jpg,Monkeypox
2007.0328164609607,8.947604796554092,26.73542214583188,8.216831205171918,41.7442569600744,8.412659756694906,14.170435043864329,7.902265582276112,MKP_94_01.jpg,Monkeypox
1036.424913976427,5.44114283846918,24.411232126927768,5.114649059618084,27.96699994885856,5.121805194343389,9.841694687375282,4.833327387746674,CHP_47_02.jpg,Others
4183.544361384079,11.857129488400048,69.02311763207845,11.665223698195517,64.34006163063731,11.539046237188742,31.315074107131267,11.190284342257394,MKP_82_02.jpg,Monkeypox
2401.41912847784,11.66996039189809,52.93776223350544,10.894589321430878,48.28146028763262,10.679912535096069,20.087509655099275,10.255180421152392,HEALTHY_64_01.jpg,Others
929.403449967904,4.54308166754697,33.80308689147218,4.225185002158847,28.65730680327133,4.276732407001097,11.44067929034829,4.042632593015068,MKP_103_01.jpg,Monkeypox
2075.674447906579,9.962013542347975,57.03903892357941,9.668672322609345,49.3629923365032,9.602370624769396,21.97662519519924,9.36092306424693,MKP_83_05.jpg,Monkeypox
3246.208069865968,11.959776638793414,33.25822634362177,11.396282778925125,31.924828397302814,11.270619900169958,15.049521580083129,10.803770581567386,MSL_15_01.jpg,Others
3286.433160721203,9.493743946021148,50.28481474108297,9.02438304808189,54.34539341533858,8.782570356502237,24.52191501845691,8.554452293856544,MKP_27_01.jpg,Monkeypox
527.534678979076,7.075337058189863,16.389293039074936,6.584186674890347,14.281309696429494,6.6138143947253125,5.873132675221646,6.196206535433789,MKP_78_02.jpg,Monkeypox
3644.477645254728,11.74272494735914,45.50095764127256,10.999485584847957,48.51589473111832,10.911703778547,19.57499057302204,10.308822259534365,MSL_39_01.jpg,Others
1029.6327515420066,4.945169756412681,22.76403916752312,4.68416037425827,11.090279997119572,4.547026560261717,5.279561796248213,4.444052677299524,MKP_60_01.jpg,Monkeypox
2182.092202756151,8.103329269045934,27.442945199796235,6.46275171763944,50.82196402856733,7.132432900399334,13.314788088382931,6.088096077894053,HEALTHY_97_01.jpg,Others
551.8372376442096,3.173941625388701,13.033730768983473,2.830959140048037,17.12600099271496,2.9318494865675038,6.317934970809075,2.6869368128427698,MKP_73_02.jpg,Monkeypox
1253.149155612064,9.945321832556138,46.03273946883308,9.314380694358531,41.59901479264976,9.39644294862645,18.175897443613845,8.743657214242052,MKP_42_02.jpg,Monkeypox
655.6672004414606,5.9617743283851,16.619706430860518,5.462963932738843,17.555515274183243,5.483201110133061,7.324180204671821,5.233847127648321,CHP_16_01.jpg,Others
917.6841846265728,8.494369215879713,33.35149184009424,7.96791378790987,26.67587174551846,8.015457826470382,9.951360111389278,7.53055167662546,MKP_59_01.jpg,Monkeypox
1629.2069963899623,10.714934298133551,48.52170525191451,10.28843850056356,26.644449937993397,10.392852944266608,14.140205164594851,9.905234513339522,MKP_19_01.jpg,Monkeypox
2823.0182081799185,11.166006871320436,87.12047563715377,10.887175972751754,82.76592904036346,10.94337942433019,34.71723705969417,10.58310181623778,MKP_141_01.jpg,Monkeypox
1403.908574780461,11.761951843219206,24.499358630908358,11.61819351546396,27.269518533134573,11.570177735719248,11.364673037134104,11.326725509265824,MKP_05_02.jpg,Monkeypox
3379.117260493196,10.96474067333074,48.740031844556725,10.480462853391462,52.11018532334827,10.347993816117922,24.751827739560177,10.07970148568842,MKP_82_01.jpg,Monkeypox
102.71845584035728,1.114171777114207,3.857730744133027,0.9697346184300596,5.656660318139486,0.9993582979712528,1.673743999279047,0.9057547697076572,CHP_31_01.jpg,Others
1628.147916053052,11.06605952143062,35.09641296738463,10.705914846809527,52.25156310932651,10.800071216768233,17.98004652356087,10.31696182546402,MKP_64_05.jpg,Monkeypox
134.4725882820394,1.6556455131282344,8.39460887782484,1.3606530303158513,8.32986515163076,1.4001698389785144,3.26156107719185,1.2565566909070265,MSL_12_01.jpg,Others
594.0479115627762,6.486754958815598,22.63392511118805,6.118954373415978,14.015039275023495,5.983830579280855,6.366551695948521,5.689482196244944,MKP_109_01.jpg,Monkeypox
2465.0361305640827,11.924248552008091,35.5798811048666,11.660560951036894,37.511666975090975,11.54722143776622,15.719585013977245,11.26852249171194,HEALTHY_30_01.jpg,Others
1335.3696389101544,8.108789909466347,23.668965498615425,7.820497113878433,27.097431464193285,7.820891829997465,9.328710288321531,7.573967688369462,MKP_75_02.jpg,Monkeypox
1464.2279279497156,10.884827075695444,53.24497252419844,10.317932944843696,52.89381718150886,10.24218225563794,20.70390795775937,9.756527012012134,MKP_80_04.jpg,Monkeypox
1565.6286496421244,11.839391983913243,36.21900407102919,11.252805627963546,34.53746859656184,11.299470097564797,13.249746120030183,10.833705025535032,HEALTHY_22_01.jpg,Others
2586.002098711588,11.761435004024436,64.03252219901606,11.328596012312444,70.98445094166118,11.306385228537222,25.83803269076598,10.830145491584933,CHP_04_01.jpg,Others
674.4548743103489,7.82460049309027,16.98354036780808,7.314084102091689,18.7479871982496,7.326859653573173,5.905420026062132,6.92573287968815,MKP_50_01.jpg,Monkeypox
2773.7380398665664,8.955783567998223,25.907797628471712,7.709568688030835,59.929069370921546,8.207556813836845,15.789767728232109,7.360065001290636,HEALTHY_49_01.jpg,Others
5223.1240422619785,11.808948372807,54.9500714899601,11.44929652270565,111.29339498573682,11.339108856321191,35.92560770448128,11.302546882381511,HEALTHY_95_01.jpg,Others
1719.9196842218455,6.853564841276526,33.0909927189601,6.524198107467706,33.39253811389867,6.580749531199547,14.428852099544024,6.319500965622257,MKP_28_04.jpg,Monkeypox
3126.693039835967,10.722461022951274,46.68023109341704,10.395643416865624,49.09333106724265,10.364796432176494,22.71976960096321,10.036559266731253,MKP_17_02.jpg,Monkeypox
1393.331324431773,8.427951630237382,55.7464746747272,7.874687999470913,46.60328678510244,7.837129163205118,17.125676246426842,7.595197399989213,MKP_26_01.jpg,Monkeypox
1712.0491769978169,10.854346918090712,36.759955950006855,10.55032731187548,35.72097263438963,10.60694996206833,14.433458194081128,10.248529389097223,MKP_25_02.jpg,Monkeypox
1203.4402455418935,3.9640206487514265,15.299660078885475,3.7387858869511006,12.997973181189662,3.672795174942865,5.710042455890005,3.527114641475148,MSL_37_01.jpg,Others
2131.060064772176,7.5294122710129425,22.162767157254983,6.662067654099448,16.18149602241546,6.563793546523064,7.121598852874819,6.003951473369548,MKP_09_04.jpg,Monkeypox
1457.6443878991904,8.704603846834935,58.666039377905285,8.134481332982915,52.66407462542239,8.00889663452951,21.713492402923343,7.66279063527092,CHP_32_01.jpg,Others
2299.912727792247,7.570040883729582,22.94377946250373,7.043673052819467,28.2460005073308,7.093410074570203,12.262189820533568,6.762712275219976,MSL_01_01.jpg,Others
1893.307859999,11.813114660084622,54.12113198976937,11.701005659162096,51.40348825276868,11.676292230992356,23.706226888587665,11.352890642427576,MKP_17_01.jpg,Monkeypox
157.5694838114242,3.0647768600253347,5.254263280861593,2.764285575523579,5.281963557203001,2.7780098871190657,1.8763783130875051,2.5622618425360684,CHP_04_03.jpg,Others
384.1035790970201,6.729568012088566,10.286738231175628,6.11959524136178,13.66222767248528,6.194078269431145,5.069190761822147,6.033679187454653,MKP_105_02.jpg,Monkeypox
1983.080430014461,10.488351057656764,68.6394923603074,10.278618579628708,57.46519885066695,10.164196412998423,29.59037499167656,10.032014645467587,MKP_60_02.jpg,Monkeypox
1788.5919381101198,11.40251278244878,37.37162224635984,11.054598853985974,29.56871155044764,10.951095982070928,14.498937111800966,10.597808167313149,MKP_11_01.jpg,Monkeypox
1540.313458545522,5.366489464245147,12.247125813611309,4.720966191886192,18.147257139412307,4.810110634868171,6.102375425560249,4.418656840939571,HEALTHY_14_01.jpg,Others
4280.234516201109,11.97564100646708,55.03819315972993,11.802550525686408,71.45104600257315,11.75658603584592,29.020352107716384,11.472204942846632,MSL_08_01.jpg,Others
1770.1391313333295,11.92011776965005,20.68248183558663,11.516296948857256,24.524672901665213,11.29782591657914,11.61373198116894,10.981368642600009,HEALTHY_92_01.jpg,Others
155.08251010040266,1.6136507437486003,7.326145398735873,1.3470547565857294,6.646742411115573,1.3562396850054632,2.005919950322338,1.2367263635002794,MKP_62_01.jpg,Monkeypox
1592.0519951234796,5.016906322818056,8.656710235911612,4.326467547009189,24.137118010508317,4.50319184264696,6.792188513091005,4.097672187650195,HEALTHY_34_01.jpg,Others
1114.3908422907753,5.569469679796673,34.14835730065026,4.885974171434802,39.567155550163065,4.938105911223936,15.999488768012965,4.763020722245385,MKP_93_04.jpg,Monkeypox
481.12271175621134,1.8027839279178068,9.392514524814036,1.5693242991096172,16.82558063374691,1.534683713433562,5.404753631458249,1.5535373873277758,HEALTHY_79_01.jpg,Others
2698.7367320789467,11.35145213980196,32.29496901731424,10.532501642005377,35.8697853967746,10.611289013892469,12.883110244099928,10.0657780763248,HEALTHY_87_01.jpg,Others
1401.323705145968,7.3408724671558785,53.114960474629655,6.799386847068795,46.98764910185596,6.752175334179028,18.248778050499546,6.44490739078202,CHP_34_01.jpg,Others
3814.03001838336,11.358647714604272,58.49563277739526,10.97936338648519,71.62405051896019,10.95904372755749,25.8998971600819,10.623073297346512,MKP_73_06.jpg,Monkeypox
1156.4344720883646,9.68573884933116,16.95836983769685,8.90719742736715,36.72080209286318,9.265852360595945,9.65770677124318,8.61014139139609,MKP_64_07.jpg,Monkeypox
1789.6931141908758,10.756116437281994,30.42624696459786,10.264921604154509,55.28511061606992,10.358947440816586,15.329012457871054,9.83423624300738,MKP_58_14.jpg,Monkeypox
979.225629010961,9.664546505459407,38.24691464607052,8.957998663314061,41.38809478857171,9.15394593170433,15.4741193480739,8.477605117520518,CHP_14_01.jpg,Others
4403.640701859988,11.84249114019137,39.71859386625764,11.33311396099693,43.22292770332308,11.171665851601256,20.873163169398893,10.843705136973618,MSL_08_02.jpg,Others
2532.7652605426765,11.872348724493778,68.97895397380091,11.730620665441933,57.188739545727394,11.59354643279523,26.22120347173784,11.381856479103831,MKP_86_01.jpg,Monkeypox
1313.57702456086,4.5758918862393845,19.305603551918388,4.128344541709295,15.71951571561342,4.109035382516953,6.26754209825625,3.850318141474781,MSL_29_01.jpg,Others
2306.8384626701686,7.127990875047382,27.959094768941185,6.869097299843302,29.36906339007721,6.718175159153697,11.517798376664516,6.495647744160272,MSL_09_02.jpg,Others
227.04033072656048,2.737447185428849,15.557043840937643,2.30457710720274,9.207888946464593,2.3268897591298687,4.622995664013228,2.1276652595577232,CHP_07_01.jpg,Others
333.7963188181774,2.1205510866690163,9.20908812902407,1.921560665321287,7.590364673210306,1.9219471644317476,2.99422083297578,1.804667927627599,CHP_60_01.jpg,Others
604.6902980021796,2.766835961700554,12.109244430985354,2.4931135665889963,12.509286739677089,2.494660173034257,4.726937853698617,2.3349727829653606,MKP_96_01.jpg,Monkeypox
1630.505975430134,10.593392503405592,38.19789928571193,10.15374770547039,32.38499626873477,10.142402522734828,13.819152837835569,9.651209613873636,MKP_64_02.jpg,Monkeypox
1106.5373699794368,7.014210911420301,30.967072648886703,6.471912047985077,40.67253726316383,6.497061321864025,14.316432633237795,6.117751558002276,MKP_48_03.jpg,Monkeypox
1117.06432151176,4.8017354596250446,20.87240885978455,4.452358987629446,20.76583163728736,4.35451964544268,8.588907191387008,4.086942342915976,MKP_20_02.jpg,Monkeypox
1132.016627282608,11.49661292298329,35.36905274077514,11.312999605957518,33.16148640427425,11.324157191556097,14.146551455909922,11.03357427639083,MKP_61_02.jpg,Monkeypox
5131.4636886848175,11.86520293150713,50.445057963497135,11.173390341092867,50.869232434856144,10.727234339578596,25.393959356945643,10.571102174475808,HEALTHY_39_03.jpg,Others
433.91050954067225,6.371967478487841,11.284641735609153,5.829160465870425,14.587914958846678,5.967367222806995,5.429696156040064,5.594378568203109,MKP_71_03.jpg,Monkeypox
2244.6269092658845,7.01377751038507,10.328450414280242,5.846104032852907,15.437178534889547,5.882627042290737,6.70075465288893,5.3568732112057615,CHP_08_02.jpg,Others
1811.6021286476064,11.73127822708847,46.2970662103485,11.35442965510257,61.37464816021732,11.362438855455247,23.817217848299585,10.865336687294642,MKP_80_05.jpg,Monkeypox
2075.127366200772,11.52833965179726,53.15888124963893,11.331812300759442,68.25553419762416,11.392960496745784,22.7094585443368,11.003139812197317,MKP_38_01.jpg,Monkeypox
1410.996165121796,7.06122266224742,34.57671382945438,6.51758462198503,38.28647843840924,6.5912054882556665,15.155728239609385,6.2314613389504405,MKP_142_02.jpg,Monkeypox
3603.317286681898,11.882492492809606,25.18150883506867,10.61459999426035,36.83348807580086,10.85219754977786,14.00335734310266,10.050205300048985,HEALTHY_15_01.jpg,Others
1292.8356233305897,5.257825266858711,25.722806249278637,4.6823488703059954,18.596079468803737,4.563725900328424,8.48648440784195,4.2680486088705445,MKP_107_01.jpg,Monkeypox
2272.5039365797684,8.496359106794118,41.86917103045023,8.143302455735402,34.60430724150858,8.120929857230081,12.26766897354733,7.8150861390484785,MSL_20_01.jpg,Others
2293.2522516376966,9.596934372804242,53.582025157083095,9.13530896703012,58.05897390806626,9.130462932131504,21.58376764819466,8.764104849045921,CHP_52_02.jpg,Others
161.26486214283688,6.3985879041607125,3.949905843203923,5.728480178414417,4.960179834291659,5.769476861756058,1.57399777266536,5.505934834207422,MKP_138_02.jpg,Monkeypox
4213.777658516965,11.07693621137725,40.32030278515034,10.687114589604292,35.68921487817302,10.380591624024088,18.293263688913964,10.429462617474584,HEALTHY_32_03.jpg,Others
1586.5576339152983,7.6767696462449075,24.971445516898967,7.286542664210368,28.454801288974014,7.371067389688671,11.064433285806,6.956689292164462,MKP_119_01.jpg,Monkeypox
183.79138262212103,5.7532952708088665,6.038135014140525,5.315031408930206,5.9853603074494055,5.317470710313739,2.2414541520693203,4.993957919800239,MKP_72_01.jpg,Monkeypox
80.6286773684383,1.1271836697643745,2.148747792111804,0.9417061421766766,3.0934970622457523,0.9494388918056808,0.917176024645598,0.8612696144777322,MKP_01_04.jpg,Monkeypox
1446.0511543876762,6.262732155822766,3.2126507184529425,4.94125779817558,22.38627189488832,5.694982996153116,2.5148735791506738,4.575136929296061,HEALTHY_65_01.jpg,Others
274.6298379531111,8.153658965147295,3.783977890699962,7.490920724286254,3.5564758847894664,7.496070806749584,1.69973455382353,7.03058184009687,MKP_78_07.jpg,Monkeypox
0.0,0.0,0.0,0.0,0.0,0.0,0.0,0.0,HEALTHY_70_01.jpg,Others
3618.168900037696,10.100577447680273,27.131822289810312,9.591106475210353,33.6880366069791,9.563731058870845,11.46426002825798,9.351162005177596,HEALTHY_93_01.jpg,Others
628.1776726751145,3.403170844062536,17.928620636390313,3.050225012390239,16.096499947703812,3.127691376083787,8.268173007320726,2.895658099806309,MSL_43_01.jpg,Others
632.7960139346463,4.695778436007069,26.037712891243604,4.25826332259762,33.72243690076641,4.244656570212614,11.92219194289712,3.9093650011264174,CHP_54_01.jpg,Others
924.8728887229332,10.089142542626934,21.37597353568601,9.537494056316447,32.37534129788117,9.700334161988572,9.781395309199734,9.111226759700289,MKP_43_01.jpg,Monkeypox
2328.8788228764047,11.130729131355793,78.79858623860142,10.788954481166586,89.63773945298541,10.820281898800646,31.91353945017925,10.41364338110419,CHP_23_01.jpg,Others
2322.277674304604,11.919259378947569,37.68342909325014,11.770666008209828,47.66887963360355,11.779789256331611,18.255179201045912,11.466218294778168,MSL_41_01.jpg,Others
439.17091856063234,4.350182315421245,17.241372681487434,3.907976911956253,13.575591551544488,3.893765434909909,6.114504080772166,3.705977235474815,MKP_142_07.jpg,Monkeypox
1643.5981873348037,10.581214644901788,27.40000509091331,9.65359375891378,31.028378067540142,9.835138726643477,11.31110491833476,9.3050173734304,HEALTHY_100_01.jpg,Others
2553.27265079312,9.173857358211848,46.94681541196326,8.67694296031481,54.64393338741501,8.689004816292632,18.94059152382146,8.451822562693984,MKP_79_01.jpg,Monkeypox
2268.352859497483,11.700578744781208,49.77728863191148,11.42960932427855,34.09165406978644,11.220874926549945,17.934306423224804,10.905926316482676,MKP_90_01.jpg,Monkeypox
1111.1044171678764,5.854386713424619,30.377000753406357,5.42497140433709,41.743844216775365,5.452039423707717,12.831481351477088,5.187682595969817,MKP_08_01.jpg,Monkeypox
2778.645017278536,8.849581138742957,41.31106393407003,8.079797311905752,38.56145507203496,7.807751466923412,18.425361962899544,7.590506082683865,CHP_41_01.jpg,Others
2267.8759188697686,11.252952086573158,52.491745684483945,10.88652721529801,72.34014019337684,11.004178754570704,22.49901418093453,10.501808619275696,MKP_122_02.jpg,Monkeypox
66.43603741199863,0.4122111069278494,0.6712298206543639,0.3596666350389813,1.5891484202515958,0.3506805896187692,0.68462878477847,0.3316778209049341,HEALTHY_102_01.jpg,Others
2810.625912338995,8.815033183729174,36.71269494182327,8.081696970123264,25.43347312977652,7.774123696072898,12.782453174375824,7.404353232301429,MKP_90_02.jpg,Monkeypox
2480.080197847779,9.571795821260894,48.79744575759567,8.943083137066521,42.62650601068863,8.907024209444282,17.277266599043564,8.274204782750113,MKP_48_02.jpg,Monkeypox
1339.2527366756635,8.367692115156762,50.190041000875866,7.696881049472302,34.52546282553761,7.714922817733196,16.08540480028409,7.182223674149268,CHP_27_01.jpg,Others
1576.2132102445298,11.938244881484884,22.87327833913907,11.575341040352075,25.75485703536913,11.263554811477364,10.366447803575204,11.018254646128865,MSL_23_02.jpg,Others
1487.722605167546,11.050739657921795,38.37294773314907,10.822694599011973,36.598989232320925,10.80405765241611,15.515749382575285,10.49827687528188,MKP_25_01.jpg,Monkeypox
2762.4899690621687,11.776876459654382,51.86403925272624,11.55700619095494,66.28448638397053,11.552946775608149,28.0069136249506,11.180153649339967,CHP_06_02.jpg,Others
2823.1284211323905,11.547907749063183,59.10074529387073,11.284635093340396,50.99210048927541,11.23510317620347,25.21813418799313,10.929252090748236,MSL_31_01.jpg,Others
873.0296416232322,5.458738452380238,27.187070995709732,4.997852989882894,16.654182265979784,4.91396721009548,8.042327738761939,4.7053579382056645,CHP_38_01.jpg,Others
53.65320318853173,0.9122099109974072,1.8287463704420608,0.7091547008382576,4.022599962397617,0.7162741757202379,1.3923152477697045,0.6537857970221229,MKP_88_03.jpg,Monkeypox
376.9867302072222,4.263636850191046,8.451629566756058,3.681836811547224,9.62142612602111,3.725028786165407,4.222357785968206,3.480690063507375,MKP_142_05.jpg,Monkeypox
2732.5085408486043,10.793108860498805,59.594539565792246,10.40117944310003,52.97175211738856,10.4254726677349,25.846788840783557,9.940688755638668,CHP_51_01.jpg,Others
1795.583693431272,9.825108889810576,33.19389819847629,9.273262312477382,40.62593790163354,9.332974723341929,16.139693369277975,8.86912525414561,MKP_139_01.jpg,Monkeypox
2555.947496613004,10.79688098017396,80.98195134671602,10.413320664885166,40.66318566360567,10.095096949863713,23.08066706637767,9.834424735076723,MSL_06_01.jpg,Others
1920.3535849296811,6.847946731173627,34.58472944675717,6.272526392562292,29.3515710362769,6.255291058543636,10.94095577423676,5.858683865678776,MKP_73_03.jpg,Monkeypox
2424.1834330567044,8.962166812637888,62.678852762316325,8.65179219832306,34.44321202161735,8.402771714617163,19.07483614524226,8.212588218627195,HEALTHY_51_01.jpg,Others
2069.658123083819,9.626047281929146,41.99842452527221,9.175069557731794,46.60832516100278,9.19679599836684,18.246185450777784,8.665303636743431,MKP_71_01.jpg,Monkeypox
2934.6298664881724,11.965273722910757,50.41317668878845,11.465070172412148,45.66718267111354,11.256878409147262,23.709202868894543,10.79860487609592,MSL_23_01.jpg,Others
1482.6006502653995,10.671183250393511,30.287802285618465,10.191194838530045,55.24522416054658,10.381858203278734,16.71076161747467,9.89723578961538,HEALTHY_78_01.jpg,Others
2962.981776199994,10.506385320447638,42.68324498212927,10.083964062304904,32.31700411995733,9.926454657547527,17.838987956659214,9.642783775250829,MKP_72_07.jpg,Monkeypox
2896.997897487048,10.275584379346242,47.2460709158726,9.578747483496327,58.95408731197948,9.688283839223724,22.572738853301583,9.053039370944903,MSL_19_01.jpg,Others
1124.0689115499904,10.495934316378628,36.12170619358021,10.149324845040368,43.29565516085511,10.19541819932433,17.36169662026471,9.76570616155607,MKP_55_01.jpg,Monkeypox
658.184173061114,4.225582781150975,31.01727741978828,3.772342991831631,25.936787913971287,3.789849849107336,10.326958346303002,3.6009764716401964,MKP_142_01.jpg,Monkeypox
2710.8151287045093,11.770422707117817,56.41526676790652,11.536514467216216,45.75743086796157,11.443826906094625,20.904451761415157,11.048119649777831,MSL_14_01.jpg,Others
3599.078227702199,11.029048635910057,58.075126209174606,10.612129081894706,59.12552051661113,10.456539365938692,26.79216685228248,10.225529582736192,MKP_134_01.jpg,Monkeypox
563.8413328296936,11.711283151625336,13.280375831438642,11.323716992995738,8.507729504083624,11.08052945071439,4.439456550930681,10.718105600557225,HEALTHY_06_01.jpg,Others
1394.485788966812,10.544993975167092,38.85157246047672,10.139331374121342,38.175749464451954,10.170787454617551,18.051659441981204,9.751967965442065,MKP_74_01.jpg,Monkeypox
493.330504006136,3.809293539842263,18.297048483988164,3.427579030358652,15.399770738249908,3.4066723056483115,6.132737143132642,3.134290114494348,MKP_83_03.jpg,Monkeypox
1345.0645977908298,8.645808820520436,6.938139839228069,6.5614722889193855,26.352424738405773,7.398190789224882,4.620097325948098,6.2814726118341415,MKP_113_02.jpg,Monkeypox
1303.071533552224,6.244411110235579,39.34579165169789,5.890883647265111,37.98124697856218,5.92471567133378,15.64556632673672,5.583621004469802,CHP_44_01.jpg,Others
3532.120084020747,11.39685796451274,77.516538958959,11.158954587101656,71.86532151878076,11.068933752663456,32.30194190579128,10.736287831472874,HEALTHY_91_01.jpg,Others
806.1227978501867,10.42257941425822,29.3304622099576,10.123712956862748,18.842106177595586,10.052577059035745,7.495808170103386,9.782888628009918,MKP_51_01.jpg,Monkeypox
1323.1929026700575,9.613565699355638,52.57567825591151,8.9373214238637,67.7409746994114,9.103094107932444,23.80934028563884,8.446558013993716,MKP_93_02.jpg,Monkeypox
979.7632236831593,6.221269684618285,35.86879618714638,5.7091509489310726,18.973647792406656,5.664143376894919,12.212492623063172,5.263028904582625,HEALTHY_53_01.jpg,Others
2985.1436730588307,11.79750207547506,77.42567881933512,11.481547432940127,81.12799996015373,11.34955955976602,34.94842709234135,11.03618138372037,MKP_69_01.jpg,Monkeypox
93.53874129057056,0.4496412706872055,1.697115163023568,0.4199896077377681,2.6400239067487514,0.4233247260511068,0.7817196964650137,0.4111266120298001,HEALTHY_11_01.jpg,Others
3313.763307106996,11.937886499887142,64.79317946219568,11.633477538019172,73.1135272369337,11.567886960738065,32.74334896612662,11.293870383239014,CHP_15_02.jpg,Others
3655.5149408230823,10.79575561471886,75.45057016432878,10.089167066689836,83.97508510095362,9.83718515072317,33.2771134726774,9.676471875409415,HEALTHY_27_01.jpg,Others
882.9908320922452,11.752649087640224,20.845354278338377,11.515822345200888,21.85548809377505,11.497183173430034,9.004327954374821,11.136258497540355,HEALTHY_99_01.jpg,Others
1537.266328447643,11.770540075515036,23.64615835987317,11.293914841985885,23.06779966091385,11.121811879584804,10.16958785846094,10.804208402869438,HEALTHY_05_01.jpg,Others
211.50638039949652,2.8250599870299293,12.892381819934798,2.4004719106026844,10.438278967518496,2.429455665818832,4.411193766786775,2.220323522826104,MKP_83_01.jpg,Monkeypox
1952.080508474084,9.897064755414169,70.9022326217092,9.392366296598272,60.76577280100287,9.483308439396854,29.128420764793542,9.027737484268496,CHP_09_01.jpg,Others
1193.2029899095196,7.842623392961984,26.8118721542263,7.194535859140702,27.60721841976172,7.295494801475813,10.287533737206846,7.075203534241458,MKP_24_02.jpg,Monkeypox
562.0791510057354,7.927050573402779,15.568079547900195,7.192124655304988,22.68694903246168,7.411826665016671,6.079340994972551,6.808763205100558,MKP_28_01.jpg,Monkeypox
2604.281379770557,8.468148804931797,23.67337167054161,7.149938973395551,29.009709967871707,7.095576917946173,10.16517402574437,6.579396846951848,HEALTHY_25_01.jpg,Others
3395.112197890995,10.853568401444504,65.07593377731925,9.996925235995494,58.53362365745134,9.5284490438669,29.226393382014805,9.81654004467186,MKP_12_01.jpg,Monkeypox
3702.611785563277,11.91453799597518,83.22905282735769,11.693258827008169,73.83384136126111,11.563552403036192,35.936414506538306,11.351224932241236,HEALTHY_89_01.jpg,Others
2100.488135420332,7.250732960140603,20.8401573805433,6.769621746001498,25.64512220590508,6.811339301110807,11.05411406479443,6.379541815050223,CHP_17_01.jpg,Others
1032.0718609740225,10.817808383273338,44.24118326114554,10.482695585061713,39.24143939980728,10.55136430842232,17.022154186969285,10.123585244386046,MKP_61_01.jpg,Monkeypox
2116.7667203593046,6.56978292192124,25.63623411119816,5.928475543118311,32.15435186355741,5.969134652673787,9.456896299372245,5.600176697092826,HEALTHY_83_01.jpg,Others
2695.8800889358217,9.011961933829468,50.04660457714719,8.303971391798983,45.69246882352381,8.181341183060956,21.369995174993548,7.902287197226393,MKP_31_02.jpg,Monkeypox
1209.8792969468602,9.686194434296556,29.275800846327343,9.192807705892756,32.26930859959117,9.32080032409119,12.436700101532876,8.86036060003009,MKP_108_03.jpg,Monkeypox
675.5650884784466,8.844867018901622,16.850438487452756,8.410223618694781,16.50165532310981,8.295825311728853,6.206312584297657,7.945944911350534,MKP_139_02.jpg,Monkeypox
2002.9152527703352,10.79974269309264,51.298527191087295,10.380003173444754,46.05203175737733,10.434451352415104,17.30423895536471,9.867154427539512,MKP_40_02.jpg,Monkeypox
260.5084080867153,5.955084976271588,10.15363853654687,5.191876707968812,14.223390150164713,5.261859662876899,4.415933463658287,4.750797134626433,MKP_98_01.jpg,Monkeypox
92.43257711114713,0.7822592816941615,1.7302421194903506,0.6246712764027742,3.758745442483046,0.6570335401376559,0.773176769251519,0.5625502574747538,HEALTHY_63_01.jpg,Others
405.5083696795103,6.246642963490851,10.842964994360903,5.548013604925173,14.030564926754291,5.688277418561998,4.672306762294927,5.117592652272747,MKP_28_02.jpg,Monkeypox
